{
    "water_balance": {
        "rmse": 7.354449766197318,
        "mae": 5.832491080619396,
        "r2": 0.9878066535912564
    },
    "train_samples": 52,
    "test_samples": 14
}