{
    "rmse": 35.20399282046013,
    "mae": 31.742127736409504,
    "r2": -27.453801006446604,
    "train_samples": 9,
    "test_samples": 3
}