{
    "rmse": 15.341129672769297,
    "mae": 10.178196668624873,
    "r2": -0.10033887622363813,
    "train_samples": 24,
    "test_samples": 6
}