{
    "rmse": 0.1430480390451364,
    "mae": 0.09074978828430318,
    "r2": 0.0,
    "train_samples": 19,
    "test_samples": 5
}