{
    "rmse": 0.04344296455383301,
    "mae": 0.04344296455383301,
    "r2": NaN,
    "train_samples": 3,
    "test_samples": 1
}